session_date,arrival_time,departure_stage,reception_start,reception_end,screening_start,screening_end,doctor_start,doctor_end
2026-09-14,8:15,Screening,8:15,8:17,8:17,8:18,,
2026-09-14,8:17,Screening,8:17,8:18,8:18,8:23,,
2026-09-14,8:25,Screening,8:25,8:29,8:29,8:30,,
2026-09-14,8:29,Screening,8:29,8:30,8:30,8:31,,
2026-09-14,8:34,Screening,8:34,8:35,8:35,8:36,,
2026-09-14,8:41,Screening,8:41,8:43,8:43,8:44,,
2026-09-14,8:47,Screening,8:47,8:50,8:50,8:51,,
2026-09-14,8:58,Screening,8:58,9:00,9:00,9:02,,
2026-09-14,8:59,Screening,8:59,9:05,9:05,9:07,,
2026-09-14,9:00,Screening,9:00,9:01,9:01,9:09,,
2026-09-15,8:15,Screening,8:15,8:18,8:18,8:23,,
2026-09-15,8:20,Screening,8:20,8:27,8:27,8:29,,
2026-09-15,8:26,Screening,8:26,8:30,8:30,8:34,,
2026-09-15,8:40,Screening,8:40,8:42,8:42,8:47,,
2026-09-15,8:41,Screening,8:41,8:42,8:42,8:43,,
2026-09-15,8:42,Screening,8:42,8:43,8:43,8:44,,
2026-09-15,8:44,Screening,8:44,8:46,8:46,8:48,,
2026-09-15,8:47,Screening,8:47,8:48,8:48,8:49,,
2026-09-15,9:06,Screening,9:06,9:08,9:08,9:12,,
2026-09-15,9:07,Screening,9:07,9:10,9:10,9:11,,
2026-09-16,8:15,Screening,8:15,8:24,8:24,8:28,,
2026-09-16,8:21,Screening,8:21,8:23,8:23,8:30,,
2026-09-16,8:31,Screening,8:31,8:32,8:32,8:33,,
2026-09-16,8:34,Screening,8:34,8:35,8:35,8:36,,
2026-09-16,8:54,Screening,8:54,8:58,8:58,9:00,,
2026-09-16,9:01,Screening,9:01,9:02,9:02,9:12,,
2026-09-16,9:05,Screening,9:05,9:06,9:06,9:07,,
2026-09-16,9:11,Screening,9:11,9:12,9:12,9:16,,
2026-09-16,9:27,Screening,9:27,9:28,9:28,9:29,,
2026-09-16,9:50,Screening,9:50,9:51,9:51,9:52,,
2026-09-17,8:15,Screening,8:15,8:16,8:16,8:20,,
2026-09-17,8:26,Screening,8:26,8:27,8:27,8:28,,
2026-09-17,8:29,Screening,8:29,8:40,8:40,8:43,,
2026-09-17,8:54,Screening,8:54,8:58,8:58,8:59,,
2026-09-17,9:03,Screening,9:03,9:05,9:05,9:08,,
2026-09-17,9:05,Screening,9:05,9:07,9:07,9:08,,
2026-09-17,9:09,Screening,9:09,9:10,9:10,9:22,,
2026-09-17,9:24,Screening,9:24,9:25,9:25,9:28,,
2026-09-17,9:25,Screening,9:25,9:30,9:30,9:38,,
2026-09-17,9:27,Screening,9:27,9:29,9:29,9:33,,
2026-09-19,8:15,Screening,8:15,8:18,8:18,8:21,,
2026-09-19,8:26,Screening,8:26,8:28,8:28,8:29,,
2026-09-19,8:29,Screening,8:29,8:30,8:30,8:41,,
2026-09-19,8:44,Screening,8:44,8:48,8:48,8:49,,
2026-09-19,8:45,Screening,8:45,8:49,8:49,9:01,,
2026-09-19,8:46,Screening,8:46,8:47,8:47,8:48,,
2026-09-19,8:56,Screening,8:56,8:59,8:59,9:00,,
2026-09-19,9:01,Screening,9:01,9:03,9:03,9:04,,
2026-09-19,9:15,Screening,9:15,9:16,9:16,9:17,,
2026-09-19,9:20,Screening,9:20,9:23,9:23,9:24,,
2026-09-21,8:15,Screening,8:15,8:26,8:26,8:30,,
2026-09-21,8:19,Screening,8:19,8:20,8:20,8:21,,
2026-09-21,8:21,Screening,8:21,8:22,8:22,8:26,,
2026-09-21,8:23,Screening,8:23,8:24,8:24,8:25,,
2026-09-21,8:30,Screening,8:30,8:31,8:31,8:40,,
2026-09-21,8:44,Screening,8:44,8:45,8:45,8:46,,
2026-09-21,8:52,Screening,8:52,8:53,8:53,8:54,,
2026-09-21,9:11,Screening,9:11,9:13,9:13,9:16,,
2026-09-21,9:22,Screening,9:22,9:25,9:25,9:26,,
2026-09-21,9:23,Screening,9:23,9:24,9:24,9:26,,
